name,state,type,county
Abbotsford,WI,city,
Adams,WI,city,
Algoma,WI,city,
Alma,WI,city,
Altoona,WI,city,
Amery,WI,city,
Antigo,WI,city,
Appleton,WI,city,
Arcadia,WI,city,
Ashland,WI,city,
Augusta,WI,city,
Baraboo,WI,city,
Barron,WI,city,
Bayfield,WI,city,
Beaver Dam,WI,city,
Beloit,WI,city,
Berlin,WI,city,
Black River Falls,WI,city,
Blair,WI,city,
Bloomer,WI,city,
Boscobel,WI,city,
Brillion,WI,city,
Brodhead,WI,city,
Brookfield,WI,city,
Buffalo City,WI,city,
Burlington,WI,city,
Cedarburg,WI,city,
Chetek,WI,city,
Chilton,WI,city,
Chippewa Falls,WI,city,
Clintonville,WI,city,
Colby,WI,city,
Columbus,WI,city,
Cornell,WI,city,
Crandon,WI,city,
Cuba City,WI,city,
Cudahy,WI,city,
Cumberland,WI,city,
Darlington,WI,city,
Delafield,WI,city,
Delavan,WI,city,
De Pere,WI,city,
Dodgeville,WI,city,
Durand,WI,city,
Eagle River,WI,city,
Eau Claire,WI,city,
Edgerton,WI,city,
Elkhorn,WI,city,
Elroy,WI,city,
Evansville,WI,city,
Fennimore,WI,city,
Fitchburg,WI,city,
Fond du Lac,WI,city,
Fort Atkinson,WI,city,
Fountain City,WI,city,
Fox Lake,WI,city,
Franklin,WI,city,
Galesville,WI,city,
Gillett,WI,city,
Glendale,WI,city,
Glenwood City,WI,city,
Green Bay,WI,city,
Green Lake,WI,city,
Greenfield,WI,city,
Greenwood,WI,city,
Hartford,WI,city,
Hayward,WI,city,
Hillsboro,WI,city,
Horicon,WI,city,
Hudson,WI,city,
Hurley,WI,city,
Independence,WI,city,
Janesville,WI,city,
Jefferson,WI,city,
Juneau,WI,city,
Kaukauna,WI,city,
Kenosha,WI,city,
Kewaunee,WI,city,
Kiel,WI,city,
La Crosse,WI,city,
Ladysmith,WI,city,
Lake Geneva,WI,city,
Lake Mills,WI,city,
Lancaster,WI,city,
Lodi,WI,city,
Loyal,WI,city,
Madison,WI,city,
Manawa,WI,city,
Manitowoc,WI,city,
Marinette,WI,city,
Marion,WI,city,
Markesan,WI,city,
Marshfield,WI,city,
Mauston,WI,city,
Mayville,WI,city,
Medford,WI,city,
Mellen,WI,city,
Menasha,WI,city,
Menomonie,WI,city,
Mequon,WI,city,
Merrill,WI,city,
Middleton,WI,city,
Milton,WI,city,
Milwaukee,WI,city,
Mineral Point,WI,city,
Mondovi,WI,city,
Monona,WI,city,
Monroe,WI,city,
Montello,WI,city,
Montreal,WI,city,
Mosinee,WI,city,
Muskego,WI,city,
Neenah,WI,city,
Neillsville,WI,city,
Nekoosa,WI,city,
New Berlin,WI,city,
New Holstein,WI,city,
New Lisbon,WI,city,
New London,WI,city,
New Richmond,WI,city,
Niagara,WI,city,
Oak Creek,WI,city,
Oconomowoc,WI,city,
Oconto,WI,city,
Oconto Falls,WI,city,
Omro,WI,city,
Onalaska,WI,city,
Oshkosh,WI,city,
Osseo,WI,city,
Owen,WI,city,
Park Falls,WI,city,
Peshtigo,WI,city,
Pewaukee,WI,city,
Phillips,WI,city,
Pittsville,WI,city,
Platteville,WI,city,
Plymouth,WI,city,
Port Washington,WI,city,
Portage,WI,city,
Prairie du Chien,WI,city,
Prescott,WI,city,
Princeton,WI,city,
Racine,WI,city,
Reedsburg,WI,city,
Rhinelander,WI,city,
Rice Lake,WI,city,
Richland Center,WI,city,
Ripon,WI,city,
River Falls,WI,city,
St. Croix Falls,WI,city,
St. Francis,WI,city,
Schofield,WI,city,
Seymour,WI,city,
Shawano,WI,city,
Sheboygan,WI,city,
Sheboygan Falls,WI,city,
Shell Lake,WI,city,
Shullsburg,WI,city,
South Milwaukee,WI,city,
Sparta,WI,city,
Spooner,WI,city,
Stanley,WI,city,
Stevens Point,WI,city,
Stoughton,WI,city,
Sturgeon Bay,WI,city,
Sun Prairie,WI,city,
Superior,WI,city,
Thorp,WI,city,
Tomah,WI,city,
Tomahawk,WI,city,
Two Rivers,WI,city,
Verona,WI,city,
Viroqua,WI,city,
Washburn,WI,city,
Waterloo,WI,city,
Watertown,WI,city,
Waukesha,WI,city,
Waupaca,WI,city,
Waupun,WI,city,
Wausau,WI,city,
Wautoma,WI,city,
Wauwatosa,WI,city,
West Allis,WI,city,
West Bend,WI,city,
Westby,WI,city,
Weyauwega,WI,city,
Whitehall,WI,city,
Whitewater,WI,city,
Wisconsin Dells,WI,city,
Wisconsin Rapids,WI,city,
Adell,WI,village,
Albany,WI,village,
Allouez,WI,village,
Alma Center,WI,village,
Almena,WI,village,
Almond,WI,village,
Amherst,WI,village,
Amherst Junction,WI,village,
Aniwa,WI,village,
Arena,WI,village,
Argyle,WI,village,
Arlington,WI,village,
Arpin,WI,village,
Ashwaubenon,WI,village,
Athens,WI,village,
Auburndale,WI,village,
Avoca,WI,village,
Bagley,WI,village,
Baldwin,WI,village,
Balsam Lake,WI,village,
Bangor,WI,village,
Barneveld,WI,village,
Bay City,WI,village,
Bayside,WI,village,
Bear Creek,WI,village,
Belgium,WI,village,
Bell Center,WI,village,
Belleville,WI,village,
Bellevue,WI,village,
Belmont,WI,village,
Benton,WI,village,
Big Bend,WI,village,
Big Falls,WI,village,
Birchwood,WI,village,
Birnamwood,WI,village,
Biron,WI,village,
Black Creek,WI,village,
Black Earth,WI,village,
Blanchardville,WI,village,
Bloomfield,WI,village,
Bloomington,WI,village,
Blue Mounds,WI,village,
Blue River,WI,village,
Boaz,WI,village,
Bonduel,WI,village,
Bowler,WI,village,
Boyceville,WI,village,
Boyd,WI,village,
Brandon,WI,village,
Bristol,WI,village,
Brooklyn,WI,village,
Brown Deer,WI,village,
Brownsville,WI,village,
Browntown,WI,village,
Bruce,WI,village,
Butler,WI,village,
Butternut,WI,village,
Cadott,WI,village,
Caledonia,WI,village,
Cambria,WI,village,
Cambridge,WI,village,
Cameron,WI,village,
Camp Douglas,WI,village,
Campbellsport,WI,village,
Cascade,WI,village,
Casco,WI,village,
Cashton,WI,village,
Cassville,WI,village,
Catawba,WI,village,
Cazenovia,WI,village,
Cecil,WI,village,
Cedar Grove,WI,village,
Centuria,WI,village,
Chaseburg,WI,village,
Chenequa,WI,village,
Clayton,WI,village,
Clear Lake,WI,village,
Cleveland,WI,village,
Clinton,WI,village,
Clyman,WI,village,
Cobb,WI,village,
Cochrane,WI,village,
Coleman,WI,village,
Colfax,WI,village,
Coloma,WI,village,
Combined Locks,WI,village,
Conrath,WI,village,
Coon Valley,WI,village,
Cottage Grove,WI,village,
Couderay,WI,village,
Crivitz,WI,village,
Cross Plains,WI,village,
Curtiss,WI,village,
Dallas,WI,village,
Dane,WI,village,
Darien,WI,village,
DeForest,WI,village,
De Soto,WI,village,
Deer Park,WI,village,
Deerfield,WI,village,
Denmark,WI,village,
Dickeyville,WI,village,
Dorchester,WI,village,
Dousman,WI,village,
Downing,WI,village,
Doylestown,WI,village,
Dresser,WI,village,
Eagle,WI,village,
East Troy,WI,village,
Eastman,WI,village,
Eden,WI,village,
Edgar,WI,village,
Egg Harbor,WI,village,
Eland,WI,village,
Elderon,WI,village,
Eleva,WI,village,
Elk Mound,WI,village,
Elkhart Lake,WI,village,
Ellsworth,WI,village,
Elm Grove,WI,village,
Elmwood,WI,village,
Elmwood Park,WI,village,
Embarrass,WI,village,
Endeavor,WI,village,
Ephraim,WI,village,
Ettrick,WI,village,
Exeland,WI,village,
Fairchild,WI,village,
Fairwater,WI,village,
Fall Creek,WI,village,
Fall River,WI,village,
Fenwood,WI,village,
Ferryville,WI,village,
Fontana-on-Geneva Lake,WI,village,
Footville,WI,village,
Forestville,WI,village,
Fox Crossing,WI,village,
Fox Point,WI,village,
Francis Creek,WI,village,
Frederic,WI,village,
Fredonia,WI,village,
French Island,WI,village,
Fremont,WI,village,
Friendship,WI,village,
Friesland,WI,village,
Gays Mills,WI,village,
Genoa,WI,village,
Genoa City,WI,village,
Germantown,WI,village,
Gilman,WI,village,
Glen Flora,WI,village,
Glenbeulah,WI,village,
Grafton,WI,village,
Granton,WI,village,
Grantsburg,WI,village,
Gratiot,WI,village,
Greendale,WI,village,
Greenleaf,WI,village,
Greenville,WI,village,
Gresham,WI,village,
Hales Corners,WI,village,
Hammond,WI,village,
Hancock,WI,village,
Harrison,WI,village,
Hartland,WI,village,
Hatley,WI,village,
Haugen,WI,village,
Hawkins,WI,village,
Hazel Green,WI,village,
Hewitt,WI,village,
Highland,WI,village,
Hilbert,WI,village,
Hixton,WI,village,
Hobart,WI,village,
Hollandale,WI,village,
Holmen,WI,village,
Hortonville,WI,village,
Howard,WI,village,
Howards Grove,WI,village,
Hustisford,WI,village,
Hustler,WI,village,
Ingram,WI,village,
Iola,WI,village,
Iron Ridge,WI,village,
Ironton,WI,village,
Jackson,WI,village,
Johnson Creek,WI,village,
Junction City,WI,village,
Kekoskee,WI,village,
Kellnersville,WI,village,
Kendall,WI,village,
Kennan,WI,village,
Kewaskum,WI,village,
Kimberly,WI,village,
Kingston,WI,village,
Knapp,WI,village,
Kohler,WI,village,
Kronenwetter,WI,village,
La Farge,WI,village,
La Valle,WI,village,
Lac La Belle,WI,village,
Lake Delton,WI,village,
Lake Hallie,WI,village,
Lake Nebagamon,WI,village,
Lannon,WI,village,
Lena,WI,village,
Lime Ridge,WI,village,
Linden,WI,village,
Lisbon,WI,village,
Little Chute,WI,village,
Livingston,WI,village,
Loganville,WI,village,
Lohrville,WI,village,
Lomira,WI,village,
Lone Rock,WI,village,
Lowell,WI,village,
Lublin,WI,village,
Luck,WI,village,
Luxemburg,WI,village,
Lyndon Station,WI,village,
Lynxville,WI,village,
Maiden Rock,WI,village,
Maine,WI,village,
Maple Bluff,WI,village,
Marathon City,WI,village,
Maribel,WI,village,
Marquette,WI,village,
Marshall,WI,village,
Mason,WI,village,
Mattoon,WI,village,
Mazomanie,WI,village,
McFarland,WI,village,
Melrose,WI,village,
Melvina,WI,village,
Menomonee Falls,WI,village,
Merrillan,WI,village,
Merrimac,WI,village,
Merton,WI,village,
Milladore,WI,village,
Milltown,WI,village,
Minong,WI,village,
Mishicot,WI,village,
Montfort,WI,village,
Monticello,WI,village,
Mount Calvary,WI,village,
Mount Hope,WI,village,
Mount Horeb,WI,village,
Mount Pleasant,WI,village,
Mount Sterling,WI,village,
Mukwonago,WI,village,
Muscoda,WI,village,
Nashotah,WI,village,
Necedah,WI,village,
Nelson,WI,village,
Nelsonville,WI,village,
Neosho,WI,village,
Neshkoro,WI,village,
New Auburn,WI,village,
New Glarus,WI,village,
Newburg,WI,village,
Nichols,WI,village,
North Bay,WI,village,
North Fond du Lac,WI,village,
North Freedom,WI,village,
North Hudson,WI,village,
North Prairie,WI,village,
Norwalk,WI,village,
Oakdale,WI,village,
Oakfield,WI,village,
Oconomowoc Lake,WI,village,
Ogdensburg,WI,village,
Oliver,WI,village,
Ontario,WI,village,
Oostburg,WI,village,
Oregon,WI,village,
Orfordville,WI,village,
Osceola,WI,village,
Oxford,WI,village,
Paddock Lake,WI,village,
Palmyra,WI,village,
Pardeeville,WI,village,
Park Ridge,WI,village,
Patch Grove,WI,village,
Pepin,WI,village,
Pewaukee,WI,village,
Pigeon Falls,WI,village,
Plain,WI,village,
Plainfield,WI,village,
Pleasant Prairie,WI,village,
Plover,WI,village,
Plum City,WI,village,
Poplar,WI,village,
Port Edwards,WI,village,
Potosi,WI,village,
Potter,WI,village,
Pound,WI,village,
Poynette,WI,village,
Prairie du Sac,WI,village,
Prairie Farm,WI,village,
Prentice,WI,village,
Pulaski,WI,village,
Radisson,WI,village,
Randolph,WI,village,
Random Lake,WI,village,
Raymond,WI,village,
Readstown,WI,village,
Redgranite,WI,village,
Reedsville,WI,village,
Reeseville,WI,village,
Rewey,WI,village,
Rib Lake,WI,village,
Rib Mountain,WI,village,
Richfield,WI,village,
Ridgeland,WI,village,
Ridgeway,WI,village,
Rio,WI,village,
River Hills,WI,village,
Roberts,WI,village,
Rochester,WI,village,
Rock Springs,WI,village,
Rockdale,WI,village,
Rockland,WI,village,
Rosendale,WI,village,
Rosholt,WI,village,
Rothschild,WI,village,
Rudolph,WI,village,
St. Cloud,WI,village,
St. Nazianz,WI,village,
Salem Lakes,WI,village,
Sauk City,WI,village,
Saukville,WI,village,
Scandinavia,WI,village,
Sharon,WI,village,
Sheldon,WI,village,
Sherwood,WI,village,
Shiocton,WI,village,
Shorewood,WI,village,
Shorewood Hills,WI,village,
Siren,WI,village,
Sister Bay,WI,village,
Slinger,WI,village,
Soldiers Grove,WI,village,
Solon Springs,WI,village,
Somers,WI,village,
Somerset,WI,village,
South Wayne,WI,village,
Spencer,WI,village,
Spring Green,WI,village,
Spring Valley,WI,village,
Star Prairie,WI,village,
Stetsonville,WI,village,
Steuben,WI,village,
Stockbridge,WI,village,
Stockholm,WI,village,
Stoddard,WI,village,
Stratford,WI,village,
Strum,WI,village,
Sturtevant,WI,village,
Suamico,WI,village,
Sullivan,WI,village,
Summit,WI,village,
Superior,WI,village,
Suring,WI,village,
Sussex,WI,village,
Taylor,WI,village,
Tennyson,WI,village,
Theresa,WI,village,
Thiensville,WI,village,
Tigerton,WI,village,
Tony,WI,village,
Trempealeau,WI,village,
Turtle Lake,WI,village,
Twin Lakes,WI,village,
Union Center,WI,village,
Union Grove,WI,village,
Unity,WI,village,
Valders,WI,village,
Vernon,WI,village,
Vesper,WI,village,
Viola,WI,village,
Waldo,WI,village,
Wales,WI,village,
Walworth,WI,village,
Warrens,WI,village,
Waterford,WI,village,
Waukesha,WI,village,
Waunakee,WI,village,
Wausaukee,WI,village,
Wauzeka,WI,village,
Webster,WI,village,
West Baraboo,WI,village,
West Milwaukee,WI,village,
West Salem,WI,village,
Westfield,WI,village,
Weston,WI,village,
Weyerhaeuser,WI,village,
Wheeler,WI,village,
White Lake,WI,village,
Whitefish Bay,WI,village,
Whitelaw,WI,village,
Whiting,WI,village,
Wild Rose,WI,village,
Williams Bay,WI,village,
Wilson,WI,village,
Wilton,WI,village,
Wind Point,WI,village,
Windsor,WI,village,
Winneconne,WI,village,
Winter,WI,village,
Withee,WI,village,
Wittenberg,WI,village,
Wonewoc,WI,village,
Woodman,WI,village,
Woodville,WI,village,
Wrightstown,WI,village,
Wyeville,WI,village,
Wyocena,WI,village,
Yorkville,WI,village,
Yuba,WI,village,
Abrams,WI,town,Oconto
Ackley,WI,town,Langlade
Adams,WI,town,Adams
Adams,WI,town,Green
Adams,WI,town,Jackson
Addison,WI,town,Washington
Adrian,WI,town,Monroe
Agenda,WI,town,Ashland
Ahnapee,WI,town,Kewaunee
Ainsworth,WI,town,Langlade
Akan,WI,town,Richland
Alban,WI,town,Portage
Albany,WI,town,Green
Albany,WI,town,Pepin
Albion,WI,town,Dane
Albion,WI,town,Jackson
Albion,WI,town,Trempealeau
Alden,WI,town,Polk
Algoma,WI,town,Winnebago
Alma,WI,town,Buffalo
Alma,WI,town,Jackson
Almena,WI,town,Barron
Almon,WI,town,Shawano
Almond,WI,town,Portage
Alto,WI,town,Fond du Lac
Alvin,WI,town,Forest
Amberg,WI,town,Marinette
Amherst,WI,town,Portage
Amnicon,WI,town,Douglas
Anderson,WI,town,Burnett
Anderson,WI,town,Iron
Angelica,WI,town,Shawano
Angelo,WI,town,Monroe
Aniwa,WI,town,Shawano
Anson,WI,town,Chippewa
Antigo,WI,town,Langlade
Apple River,WI,town,Polk
Arbor Vitae,WI,town,Vilas
Arcadia,WI,town,Trempealeau
Arena,WI,town,Iowa
Argonne,WI,town,Forest
Argyle,WI,town,Lafayette
Arland,WI,town,Barron
Arlington,WI,town,Columbia
Armenia,WI,town,Juneau
Armstrong Creek,WI,town,Forest
Arpin,WI,town,Wood
Arthur,WI,town,Chippewa
Ashford,WI,town,Fond du Lac
Ashippun,WI,town,Dodge
Ashland,WI,town,Ashland
Athelstane,WI,town,Marinette
Atlanta,WI,town,Rusk
Auburn,WI,town,Chippewa
Auburn,WI,town,Fond du Lac
Auburndale,WI,town,Wood
Aurora,WI,town,Florence
Aurora,WI,town,Taylor
Aurora,WI,town,Waushara
Avon,WI,town,Rock
Aztalan,WI,town,Jefferson
Bagley,WI,town,Oconto
Baileys Harbor,WI,town,Door
Baldwin,WI,town,St. Croix
Balsam Lake,WI,town,Polk
Bangor,WI,town,La Crosse
Baraboo,WI,town,Sauk
Barksdale,WI,town,Bayfield
Barnes,WI,town,Bayfield
Barre,WI,town,La Crosse
Barron,WI,town,Barron
Barronett,WI,town,Washburn
Bartelme,WI,town,Shawano
Barton,WI,town,Washington
Bashaw,WI,town,Washburn
Bass Lake,WI,town,Sawyer
Bass Lake,WI,town,Washburn
Bayfield,WI,town,Bayfield
Bayview,WI,town,Bayfield
Bear Bluff,WI,town,Jackson
Bear Creek,WI,town,Sauk
Bear Creek,WI,town,Waupaca
Bear Lake,WI,town,Barron
Beaver Brook,WI,town,Washburn
Beaver Dam,WI,town,Dodge
Beaver,WI,town,Clark
Beaver,WI,town,Marinette
Beaver,WI,town,Polk
Beecher,WI,town,Marinette
Beetown,WI,town,Grant
Belgium,WI,town,Ozaukee
Belle Plaine,WI,town,Shawano
Belmont,WI,town,Lafayette
Belmont,WI,town,Portage
Beloit,WI,town,Rock
Belvidere,WI,town,Buffalo
Bennett,WI,town,Douglas
Benton,WI,town,Lafayette
Bergen,WI,town,Marathon
Bergen,WI,town,Vernon
Berlin,WI,town,Green Lake
Berlin,WI,town,Marathon
Bern,WI,town,Marathon
Berry,WI,town,Dane
Bevent,WI,town,Marathon
Big Bend,WI,town,Rusk
Big Falls,WI,town,Rusk
Big Flats,WI,town,Adams
Birch Creek,WI,town,Chippewa
Birch,WI,town,Lincoln
Birchwood,WI,town,Washburn
Birnamwood,WI,town,Shawano
Black Brook,WI,town,Polk
Black Creek,WI,town,Outagamie
Black Earth,WI,town,Dane
Black Wolf,WI,town,Winnebago
Blackwell,WI,town,Forest
Blaine,WI,town,Burnett
Blanchard,WI,town,Lafayette
Bloom,WI,town,Richland
Bloomer,WI,town,Chippewa
Bloomfield,WI,town,Walworth
Bloomfield,WI,town,Waushara
Blooming Grove,WI,town,Dane
Bloomington,WI,town,Grant
Blue Mounds,WI,town,Dane
Bone Lake,WI,town,Polk
Boscobel,WI,town,Grant
Boulder Junction,WI,town,Vilas
Bovina,WI,town,Outagamie
Bradford,WI,town,Rock
Bradley,WI,town,Lincoln
Brazeau,WI,town,Oconto
Breed,WI,town,Oconto
Bridge Creek,WI,town,Eau Claire
Bridgeport,WI,town,Crawford
Brigham,WI,town,Iowa
Brighton,WI,town,Kenosha
Brighton,WI,town,Marathon
Brillion,WI,town,Calumet
Bristol,WI,town,Dane
Brockway,WI,town,Jackson
Brookfield,WI,town,Waukesha
Brooklyn,WI,town,Green
Brooklyn,WI,town,Green Lake
Brooklyn,WI,town,Washburn
Brothertown,WI,town,Calumet
Browning,WI,town,Taylor
Brule,WI,town,Douglas
Brunswick,WI,town,Eau Claire
Brussels,WI,town,Door
Buchanan,WI,town,Outagamie
Buena Vista,WI,town,Portage
Buena Vista,WI,town,Richland
Buffalo,WI,town,Buffalo
Buffalo,WI,town,Marquette
Burke,WI,town,Dane
Burlington,WI,town,Racine
Burnett,WI,town,Dodge
Burns,WI,town,La Crosse
Burnside,WI,town,Trempealeau
Butler,WI,town,Clark
Byron,WI,town,Fond du Lac
Byron,WI,town,Monroe
Cable,WI,town,Bayfield
Cadiz,WI,town,Green
Cady,WI,town,St. Croix
Calamus,WI,town,Dodge
Caledonia,WI,town,Columbia
Caledonia,WI,town,Trempealeau
Caledonia,WI,town,Waupaca
Calumet,WI,town,Fond du Lac
Cameron,WI,town,Wood
Canton,WI,town,Buffalo
Carey,WI,town,Iron
Carlton,WI,town,Kewaunee
Carson,WI,town,Portage
Cary,WI,town,Wood
Casco,WI,town,Kewaunee
Casey,WI,town,Washburn
Cassel,WI,town,Marathon
Cassian,WI,town,Oneida
Cassville,WI,town,Grant
Castle Rock,WI,town,Grant
Caswell,WI,town,Forest
Catawba,WI,town,Price
Cato,WI,town,Manitowoc
Cedar Lake,WI,town,Barron
Cedar Rapids,WI,town,Rusk
Cedarburg,WI,town,Ozaukee
Center,WI,town,Outagamie
Center,WI,town,Rock
Centerville,WI,town,Manitowoc
Charlestown,WI,town,Calumet
Chase,WI,town,Oconto
Chelsea,WI,town,Taylor
Chester,WI,town,Dodge
Chetek,WI,town,Barron
Chicog,WI,town,Washburn
Chilton,WI,town,Calumet
Chimney Rock,WI,town,Trempealeau
Chippewa,WI,town,Ashland
Christiana,WI,town,Dane
Christiana,WI,town,Vernon
Cicero,WI,town,Outagamie
City Point,WI,town,Jackson
Clam Falls,WI,town,Polk
Clarno,WI,town,Green
Clay Banks,WI,town,Door
Clayton,WI,town,Crawford
Clayton,WI,town,Polk
Clayton,WI,town,Winnebago
Clear Creek,WI,town,Eau Claire
Clear Lake,WI,town,Polk
Clearfield,WI,town,Juneau
Cleveland,WI,town,Chippewa
Cleveland,WI,town,Jackson
Cleveland,WI,town,Marathon
Cleveland,WI,town,Taylor
Clifton,WI,town,Grant
Clifton,WI,town,Monroe
Clifton,WI,town,Pierce
Clinton,WI,town,Barron
Clinton,WI,town,Rock
Clinton,WI,town,Vernon
Clover,WI,town,Bayfield
Cloverland,WI,town,Douglas
Cloverland,WI,town,Vilas
Clyde,WI,town,Iowa
Clyman,WI,town,Dodge
Colburn,WI,town,Adams
Colburn,WI,town,Chippewa
Colby,WI,town,Clark
Cold Spring,WI,town,Jefferson
Colfax,WI,town,Dunn
Coloma,WI,town,Waushara
Columbus,WI,town,Columbia
Commonwealth,WI,town,Florence
Concord,WI,town,Jefferson
Conover,WI,town,Vilas
Cooks Valley,WI,town,Chippewa
Coon,WI,town,Vernon
Cooperstown,WI,town,Manitowoc
Corning,WI,town,Lincoln
Cottage Grove,WI,town,Dane
Couderay,WI,town,Sawyer
Courtland,WI,town,Columbia
Crandon,WI,town,Forest
Cranmoor,WI,town,Wood
Crescent,WI,town,Oneida
Cross Plains,WI,town,Dane
Cross,WI,town,Buffalo
Crystal Lake,WI,town,Barron
Crystal Lake,WI,town,Marquette
Crystal,WI,town,Washburn
Cumberland,WI,town,Barron
Curran,WI,town,Jackson
Cutler,WI,town,Juneau
Cylon,WI,town,St. Croix
Dairyland,WI,town,Douglas
Dakota,WI,town,Waushara
Dale,WI,town,Outagamie
Dallas,WI,town,Barron
Dane,WI,town,Dane
Daniels,WI,town,Burnett
Darien,WI,town,Walworth
Darlington,WI,town,Lafayette
Day,WI,town,Marathon
Dayton,WI,town,Richland
Dayton,WI,town,Waupaca
Decatur,WI,town,Green
Deer Creek,WI,town,Outagamie
Deer Creek,WI,town,Taylor
Deerfield,WI,town,Dane
Deerfield,WI,town,Waushara
Dekorra,WI,town,Columbia
Delafield,WI,town,Waukesha
Delavan,WI,town,Walworth
Dell Prairie,WI,town,Adams
Dellona,WI,town,Sauk
Delmar,WI,town,Chippewa
Delta,WI,town,Bayfield
Delton,WI,town,Sauk
Dewey,WI,town,Burnett
Dewey,WI,town,Portage
Dewey,WI,town,Rusk
Dewhurst,WI,town,Clark
Dexter,WI,town,Wood
Diamond Bluff,WI,town,Pierce
Dodge,WI,town,Trempealeau
Dodgeville,WI,town,Iowa
Doty,WI,town,Oconto
Douglas,WI,town,Marquette
Dover,WI,town,Buffalo
Dover,WI,town,Racine
Dovre,WI,town,Barron
Doyle,WI,town,Barron
Drammen,WI,town,Eau Claire
Draper,WI,town,Sawyer
Drummond,WI,town,Bayfield
Dunbar,WI,town,Marinette
Dunkirk,WI,town,Dane
Dunn,WI,town,Dane
Dunn,WI,town,Dunn
Dupont,WI,town,Waupaca
Durand,WI,town,Pepin
Eagle,WI,town,Richland
Eagle,WI,town,Waukesha
Eagle Point,WI,town,Chippewa
East Troy,WI,town,Walworth
Eastman,WI,town,Crawford
Easton,WI,town,Adams
Easton,WI,town,Marathon
Eaton,WI,town,Brown
Eaton,WI,town,Clark
Eaton,WI,town,Manitowoc
Eau Galle,WI,town,Dunn
Eau Galle,WI,town,St. Croix
Eau Pleine,WI,town,Marathon
Eau Pleine,WI,town,Portage
Eden,WI,town,Fond du Lac
Eden,WI,town,Iowa
Edgewater,WI,town,Sawyer
Edson,WI,town,Chippewa
Egg Harbor,WI,town,Door
Eileen,WI,town,Bayfield
Eisenstein,WI,town,Price
El Paso,WI,town,Pierce
Elba,WI,town,Dodge
Elcho,WI,town,Langlade
Elderon,WI,town,Marathon
Eldorado,WI,town,Fond du Lac
Elk Grove,WI,town,Lafayette
Elk Mound,WI,town,Dunn
Elk,WI,town,Price
Ellenboro,WI,town,Grant
Ellington,WI,town,Outagamie
Ellsworth,WI,town,Pierce
Emerald,WI,town,St. Croix
Emery,WI,town,Price
Emmet,WI,town,Dodge
Emmet,WI,town,Marathon
Empire,WI,town,Fond du Lac
Enterprise,WI,town,Oneida
Erin Prairie,WI,town,St. Croix
Erin,WI,town,Washington
Estella,WI,town,Chippewa
Ettrick,WI,town,Trempealeau
Eureka,WI,town,Polk
Evergreen,WI,town,Langlade
Evergreen,WI,town,Washburn
Excelsior,WI,town,Sauk
Exeter,WI,town,Green
Fairbanks,WI,town,Shawano
Fairchild,WI,town,Eau Claire
Fairfield,WI,town,Sauk
Farmington,WI,town,Jefferson
Farmington,WI,town,La Crosse
Farmington,WI,town,Polk
Farmington,WI,town,Washington
Farmington,WI,town,Waupaca
Fayette,WI,town,Lafayette
Fence,WI,town,Florence
Fennimore,WI,town,Grant
Fern,WI,town,Florence
Fifield,WI,town,Price
Finley,WI,town,Juneau
Flambeau,WI,town,Price
Flambeau,WI,town,Rusk
Florence,WI,town,Florence
Fond du Lac,WI,town,Fond du Lac
Ford,WI,town,Taylor
Forest,WI,town,Fond du Lac
Forest,WI,town,Richland
Forest,WI,town,St. Croix
Forest,WI,town,Vernon
Forestville,WI,town,Door
Fort Winnebago,WI,town,Columbia
Foster,WI,town,Clark
Fountain Prairie,WI,town,Columbia
Fountain,WI,town,Juneau
Fox Lake,WI,town,Dodge
Frankfort,WI,town,Marathon
Frankfort,WI,town,Pepin
Franklin,WI,town,Jackson
Franklin,WI,town,Kewaunee
Franklin,WI,town,Manitowoc
Franklin,WI,town,Sauk
Franklin,WI,town,Vernon
Franzen,WI,town,Marathon
Fredonia,WI,town,Ozaukee
Freedom,WI,town,Forest
Freedom,WI,town,Outagamie
Freedom,WI,town,Sauk
Freeman,WI,town,Crawford
Fremont,WI,town,Clark
Fremont,WI,town,Waupaca
Friendship,WI,town,Fond du Lac
Frog Creek,WI,town,Washburn
Fulton,WI,town,Rock
Gale,WI,town,Trempealeau
Garden Valley,WI,town,Jackson
Gardner,WI,town,Door
Garfield,WI,town,Jackson
Garfield,WI,town,Polk
Genesee,WI,town,Waukesha
Geneva,WI,town,Walworth
Genoa,WI,town,Vernon
Georgetown,WI,town,Polk
Georgetown,WI,town,Price
Germania,WI,town,Shawano
Germantown,WI,town,Juneau
Germantown,WI,town,Washington
Gibraltar,WI,town,Door
Gibson,WI,town,Manitowoc
Gillett,WI,town,Oconto
Gilman,WI,town,Taylor
Gilmanton,WI,town,Buffalo
Gingles,WI,town,Ashland
Glen Haven,WI,town,Grant
Glencoe,WI,town,Buffalo
Glendale,WI,town,Monroe
Glenmore,WI,town,Brown
Glenwood,WI,town,St. Croix
Goetz,WI,town,Chippewa
Goodman,WI,town,Marinette
Goodrich,WI,town,Taylor
Gordon,WI,town,Ashland
Gordon,WI,town,Douglas
Grafton,WI,town,Ozaukee
Grand Chute,WI,town,Outagamie
Grand Rapids,WI,town,Wood
Grandview,WI,town,Bayfield
Grant,WI,town,Clark
Grant,WI,town,Dunn
Grant,WI,town,Monroe
Grant,WI,town,Portage
Grant,WI,town,Rusk
Grant,WI,town,Shawano
Grantsburg,WI,town,Burnett
Gratiot,WI,town,Lafayette
Green Bay,WI,town,Brown
Green Grove,WI,town,Clark
Green Lake,WI,town,Green Lake
Green Valley,WI,town,Marathon
Green Valley,WI,town,Shawano
Greenbush,WI,town,Sheboygan
Greenfield,WI,town,La Crosse
Greenfield,WI,town,Monroe
Greenfield,WI,town,Sauk
Greenwood,WI,town,Taylor
Greenwood,WI,town,Vernon
Grover,WI,town,Marinette
Grover,WI,town,Taylor
Grow,WI,town,Rusk
Guenther,WI,town,Marathon
Gull Lake,WI,town,Washburn
Gurney,WI,town,Iron
Hackett,WI,town,Price
Hale,WI,town,Trempealeau
Hallie,WI,town,Chippewa
Halsey,WI,town,Marathon
Hamburg,WI,town,Marathon
Hamburg,WI,town,Vernon
Hamilton,WI,town,La Crosse
Hammel,WI,town,Taylor
Hammond,WI,town,St. Croix
Hampden,WI,town,Columbia
Hancock,WI,town,Waushara
Haney,WI,town,Crawford
Hansen,WI,town,Wood
Harding,WI,town,Lincoln
Harmony,WI,town,Price
Harmony,WI,town,Rock
Harmony,WI,town,Vernon
Harris,WI,town,Marquette
Harrison,WI,town,Grant
Harrison,WI,town,Lincoln
Harrison,WI,town,Marathon
Harrison,WI,town,Waupaca
Hartford,WI,town,Washington
Hartland,WI,town,Pierce
Hartland,WI,town,Shawano
Hawkins,WI,town,Rusk
Hawthorne,WI,town,Douglas
Hay River,WI,town,Dunn
Hayward,WI,town,Sawyer
Hazel Green,WI,town,Grant
Hazelhurst,WI,town,Oneida
Hebron,WI,town,Jefferson
Helvetia,WI,town,Waupaca
Hendren,WI,town,Clark
Henrietta,WI,town,Richland
Herman,WI,town,Dodge
Herman,WI,town,Shawano
Herman,WI,town,Sheboygan
Hewett,WI,town,Clark
Hewitt,WI,town,Marathon
Hickory Grove,WI,town,Grant
Highland,WI,town,Douglas
Highland,WI,town,Iowa
Hiles,WI,town,Forest
Hiles,WI,town,Wood
Hill,WI,town,Price
Hillsboro,WI,town,Vernon
Hixon,WI,town,Clark
Hixton,WI,town,Jackson
Hoard,WI,town,Clark
Holland,WI,town,Brown
Holland,WI,town,La Crosse
Holland,WI,town,Sheboygan
Holton,WI,town,Marathon
Holway,WI,town,Taylor
Homestead,WI,town,Florence
Honey Creek,WI,town,Sauk
Hortonia,WI,town,Outagamie
How,WI,town,Oconto
Howard,WI,town,Chippewa
Hubbard,WI,town,Dodge
Hubbard,WI,town,Rusk
Hudson,WI,town,St. Croix
Hughes,WI,town,Bayfield
Hull,WI,town,Marathon
Hull,WI,town,Portage
Humboldt,WI,town,Brown
Hunter,WI,town,Sawyer
Hustisford,WI,town,Dodge
Hutchins,WI,town,Shawano
Iola,WI,town,Waupaca
Iron River,WI,town,Bayfield
Ironton,WI,town,Sauk
Irving,WI,town,Jackson
Isabelle,WI,town,Pierce
Ithaca,WI,town,Richland
Ixonia,WI,town,Jefferson
Jackson,WI,town,Adams
Jackson,WI,town,Burnett
Jackson,WI,town,Washington
Jacksonport,WI,town,Door
Jacobs,WI,town,Ashland
Jamestown,WI,town,Grant
Janesville,WI,town,Rock
Jefferson,WI,town,Green
Jefferson,WI,town,Jefferson
Jefferson,WI,town,Monroe
Jefferson,WI,town,Vernon
Johnson,WI,town,Marathon
Johnstown,WI,town,Polk
Johnstown,WI,town,Rock
Jordan,WI,town,Green
Jump River,WI,town,Taylor
Kaukauna,WI,town,Outagamie
Kelly,WI,town,Bayfield
Kendall,WI,town,Lafayette
Kennan,WI,town,Price
Kewaskum,WI,town,Washington
Keystone,WI,town,Bayfield
Kickapoo,WI,town,Vernon
Kildare,WI,town,Juneau
Kimball,WI,town,Iron
King,WI,town,Lincoln
Kingston,WI,town,Green Lake
Kingston,WI,town,Juneau
Kinnickinnic,WI,town,St. Croix
Knapp,WI,town,Jackson
Knight,WI,town,Iron
Knowlton,WI,town,Marathon
Knox,WI,town,Price
Komensky,WI,town,Jackson
Koshkonong,WI,town,Jefferson
Kossuth,WI,town,Manitowoc
La Follette,WI,town,Burnett
La Grange,WI,town,Monroe
La Grange,WI,town,Walworth
La Pointe,WI,town,Ashland
La Prairie,WI,town,Rock
La Valle,WI,town,Sauk
Lac du Flambeau,WI,town,Vilas
Lafayette,WI,town,Chippewa
Lafayette,WI,town,Monroe
Lafayette,WI,town,Walworth
Lake Holcombe,WI,town,Chippewa
Lake Mills,WI,town,Jefferson
Lake Tomahawk,WI,town,Oneida
Lake,WI,town,Marinette
Lake,WI,town,Price
Lakeland,WI,town,Barron
Lakeside,WI,town,Douglas
Laketown,WI,town,Polk
Lakewood,WI,town,Oconto
Lamartine,WI,town,Fond du Lac
Lamont,WI,town,Lafayette
Lanark,WI,town,Portage
Land O' Lakes,WI,town,Vilas
Langlade,WI,town,Langlade
Laona,WI,town,Forest
Larrabee,WI,town,Waupaca
Lawrence,WI,town,Brown
Lawrence,WI,town,Rusk
Lebanon,WI,town,Dodge
Lebanon,WI,town,Waupaca
Ledgeview,WI,town,Brown
Leeds,WI,town,Columbia
Lemonweir,WI,town,Juneau
Lena,WI,town,Oconto
Lenroot,WI,town,Sawyer
Leola,WI,town,Adams
Leon,WI,town,Monroe
Leon,WI,town,Waushara
LeRoy,WI,town,Dodge
Lessor,WI,town,Shawano
Levis,WI,town,Clark
Lewiston,WI,town,Columbia
Liberty Grove,WI,town,Door
Liberty,WI,town,Grant
Liberty,WI,town,Manitowoc
Liberty,WI,town,Outagamie
Liberty,WI,town,Vernon
Lima,WI,town,Grant
Lima,WI,town,Pepin
Lima,WI,town,Rock
Lima,WI,town,Sheboygan
Lincoln,WI,town,Adams
Lincoln,WI,town,Bayfield
Lincoln,WI,town,Buffalo
Lincoln,WI,town,Burnett
Lincoln,WI,town,Eau Claire
Lincoln,WI,town,Forest
Lincoln,WI,town,Kewaunee
Lincoln,WI,town,Monroe
Lincoln,WI,town,Polk
Lincoln,WI,town,Trempealeau
Lincoln,WI,town,Vilas
Lincoln,WI,town,Wood
Lind,WI,town,Waupaca
Linden,WI,town,Iowa
Lindina,WI,town,Juneau
Linn,WI,town,Walworth
Linwood,WI,town,Portage
Lisbon,WI,town,Juneau
Little Black,WI,town,Taylor
Little Falls,WI,town,Monroe
Little Grant,WI,town,Grant
Little Rice,WI,town,Oneida
Little River,WI,town,Oconto
Little Suamico,WI,town,Oconto
Little Wolf,WI,town,Waupaca
Lodi,WI,town,Columbia
Lomira,WI,town,Dodge
Long Lake,WI,town,Florence
Long Lake,WI,town,Washburn
Longwood,WI,town,Clark
Lorain,WI,town,Polk
Lowell,WI,town,Dodge
Lowville,WI,town,Columbia
Loyal,WI,town,Clark
Lucas,WI,town,Dunn
Luck,WI,town,Polk
Ludington,WI,town,Eau Claire
Luxemburg,WI,town,Kewaunee
Lyndon,WI,town,Juneau
Lyndon,WI,town,Sheboygan
Lynn,WI,town,Clark
Lynne,WI,town,Oneida
Lyons,WI,town,Walworth
Mackford,WI,town,Green Lake
Madge,WI,town,Washburn
Madison,WI,town,Dane
Magnolia,WI,town,Rock
Maiden Rock,WI,town,Pierce
Maine,WI,town,Outagamie
Manchester,WI,town,Green Lake
Manchester,WI,town,Jackson
Manitowish Waters,WI,town,Vilas
Manitowoc Rapids,WI,town,Manitowoc
Manitowoc,WI,town,Manitowoc
Maple Creek,WI,town,Outagamie
Maple Grove,WI,town,Barron
Maple Grove,WI,town,Manitowoc
Maple Grove,WI,town,Shawano
Maple Plain,WI,town,Barron
Maple,WI,town,Douglas
Maple Valley,WI,town,Oconto
Maplehurst,WI,town,Taylor
Marathon,WI,town,Marathon
Marcellon,WI,town,Columbia
Marengo,WI,town,Ashland
Marietta,WI,town,Crawford
Marion,WI,town,Grant
Marion,WI,town,Juneau
Marion,WI,town,Waushara
Marquette,WI,town,Green Lake
Marshall,WI,town,Richland
Marshall,WI,town,Rusk
Marshfield,WI,town,Fond du Lac
Marshfield,WI,town,Wood
Martell,WI,town,Pierce
Mason,WI,town,Bayfield
Matteson,WI,town,Waupaca
Maxville,WI,town,Buffalo
Mayville,WI,town,Clark
Mazomanie,WI,town,Dane
McKinley,WI,town,Polk
McKinley,WI,town,Taylor
McMillan,WI,town,Marathon
Mead,WI,town,Clark
Meadowbrook,WI,town,Sawyer
Mecan,WI,town,Marquette
Medary,WI,town,La Crosse
Medford,WI,town,Taylor
Medina,WI,town,Dane
Meeme,WI,town,Manitowoc
Meenon,WI,town,Burnett
Melrose,WI,town,Jackson
Menominee,WI,town,Menominee
Menomonie,WI,town,Dunn
Mentor,WI,town,Clark
Mercer,WI,town,Iron
Merrill,WI,town,Lincoln
Merrimac,WI,town,Sauk
Merton,WI,town,Waukesha
Meteor,WI,town,Sawyer
Metomen,WI,town,Fond du Lac
Middle Inlet,WI,town,Marinette
Middleton,WI,town,Dane
Mifflin,WI,town,Iowa
Milford,WI,town,Jefferson
Milladore,WI,town,Wood
Millston,WI,town,Jackson
Milltown,WI,town,Polk
Millville,WI,town,Grant
Milton,WI,town,Buffalo
Milton,WI,town,Rock
Mineral Point,WI,town,Iowa
Minocqua,WI,town,Oneida
Minong,WI,town,Washburn
Mishicot,WI,town,Manitowoc
Mitchell,WI,town,Sheboygan
Modena,WI,town,Buffalo
Molitor,WI,town,Taylor
Mondovi,WI,town,Buffalo
Monico,WI,town,Oneida
Monroe,WI,town,Adams
Monroe,WI,town,Green
Montana,WI,town,Buffalo
Montello,WI,town,Marquette
Monticello,WI,town,Lafayette
Montpelier,WI,town,Kewaunee
Montrose,WI,town,Dane
Morgan,WI,town,Oconto
Morris,WI,town,Shawano
Morrison,WI,town,Brown
Morse,WI,town,Ashland
Moscow,WI,town,Iowa
Mosel,WI,town,Sheboygan
Mosinee,WI,town,Marathon
Moundville,WI,town,Marquette
Mount Hope,WI,town,Grant
Mount Ida,WI,town,Grant
Mount Morris,WI,town,Waushara
Mount Pleasant,WI,town,Green
Mountain,WI,town,Oconto
Mukwa,WI,town,Waupaca
Mukwonago,WI,town,Waukesha
Murry,WI,town,Rusk
Muscoda,WI,town,Grant
Namakagon,WI,town,Bayfield
Naples,WI,town,Buffalo
Nasewaupee,WI,town,Door
Nashville,WI,town,Forest
Navarino,WI,town,Shawano
Necedah,WI,town,Juneau
Neenah,WI,town,Winnebago
Nekimi,WI,town,Winnebago
Nelson,WI,town,Buffalo
Nepeuskun,WI,town,Winnebago
Neshkoro,WI,town,Marquette
Neva,WI,town,Langlade
New Chester,WI,town,Adams
New Denmark,WI,town,Brown
New Diggings,WI,town,Lafayette
New Glarus,WI,town,Green
New Haven,WI,town,Adams
New Haven,WI,town,Dunn
New Holstein,WI,town,Calumet
New Hope,WI,town,Portage
New Lyme,WI,town,Monroe
Newark,WI,town,Rock
Newbold,WI,town,Oneida
Newport,WI,town,Columbia
Newton,WI,town,Manitowoc
Newton,WI,town,Marquette
Niagara,WI,town,Marinette
Nokomis,WI,town,Oneida
Norrie,WI,town,Marathon
North Bend,WI,town,Jackson
North Lancaster,WI,town,Grant
Northfield,WI,town,Jackson
Norway,WI,town,Racine
Norwood,WI,town,Langlade
Oak Grove,WI,town,Barron
Oak Grove,WI,town,Dodge
Oak Grove,WI,town,Pierce
Oakdale,WI,town,Monroe
Oakfield,WI,town,Fond du Lac
Oakland,WI,town,Burnett
Oakland,WI,town,Douglas
Oakland,WI,town,Jefferson
Oasis,WI,town,Waushara
Oconomowoc,WI,town,Waukesha
Oconto Falls,WI,town,Oconto
Oconto,WI,town,Oconto
Ogema,WI,town,Price
Ojibwa,WI,town,Sawyer
Oma,WI,town,Iron
Omro,WI,town,Winnebago
Onalaska,WI,town,La Crosse
Oneida,WI,town,Outagamie
Orange,WI,town,Juneau
Oregon,WI,town,Dane
Orienta,WI,town,Bayfield
Orion,WI,town,Richland
Osborn,WI,town,Outagamie
Osceola,WI,town,Fond du Lac
Osceola,WI,town,Polk
Oshkosh,WI,town,Winnebago
Otsego,WI,town,Columbia
Ottawa,WI,town,Waukesha
Otter Creek,WI,town,Dunn
Otter Creek,WI,town,Eau Claire
Oulu,WI,town,Bayfield
Oxford,WI,town,Marquette
Pacific,WI,town,Columbia
Packwaukee,WI,town,Marquette
Palmyra,WI,town,Jefferson
Paris,WI,town,Grant
Paris,WI,town,Kenosha
Parkland,WI,town,Douglas
Parrish,WI,town,Langlade
Patch Grove,WI,town,Grant
Peck,WI,town,Langlade
Peeksville,WI,town,Ashland
Pelican,WI,town,Oneida
Pella,WI,town,Shawano
Pembine,WI,town,Marinette
Pence,WI,town,Iron
Pensaukee,WI,town,Oconto
Pepin,WI,town,Pepin
Perry,WI,town,Dane
Pershing,WI,town,Taylor
Peru,WI,town,Dunn
Peshtigo,WI,town,Marinette
Phelps,WI,town,Vilas
Piehl,WI,town,Oneida
Pierce,WI,town,Kewaunee
Pigeon,WI,town,Trempealeau
Pilsen,WI,town,Bayfield
Pine Grove,WI,town,Portage
Pine Lake,WI,town,Oneida
Pine River,WI,town,Lincoln
Pine Valley,WI,town,Clark
Pittsfield,WI,town,Brown
Plainfield,WI,town,Waushara
Platteville,WI,town,Grant
Pleasant Springs,WI,town,Dane
Pleasant Valley,WI,town,Eau Claire
Pleasant Valley,WI,town,St. Croix
Plover,WI,town,Marathon
Plover,WI,town,Portage
Plum Lake,WI,town,Vilas
Plymouth,WI,town,Juneau
Plymouth,WI,town,Rock
Plymouth,WI,town,Sheboygan
Polar,WI,town,Langlade
Polk,WI,town,Washington
Popple River,WI,town,Forest
Port Edwards,WI,town,Wood
Port Washington,WI,town,Ozaukee
Port Wing,WI,town,Bayfield
Porter,WI,town,Rock
Porterfield,WI,town,Marinette
Portland,WI,town,Dodge
Portland,WI,town,Monroe
Potosi,WI,town,Grant
Pound,WI,town,Marinette
Poygan,WI,town,Winnebago
Poy Sippi,WI,town,Waushara
Prairie du Chien,WI,town,Crawford
Prairie du Sac,WI,town,Sauk
Prairie Farm,WI,town,Barron
Prairie Lake,WI,town,Barron
Prentice,WI,town,Price
Presque Isle,WI,town,Vilas
Preston,WI,town,Adams
Preston,WI,town,Trempealeau
Price,WI,town,Langlade
Primrose,WI,town,Dane
Princeton,WI,town,Green Lake
Pulaski,WI,town,Iowa
Quincy,WI,town,Adams
Radisson,WI,town,Sawyer
Randall,WI,town,Kenosha
Randolph,WI,town,Columbia
Rantoul,WI,town,Calumet
Red Cedar,WI,town,Dunn
Red River,WI,town,Kewaunee
Red Springs,WI,town,Shawano
Reedsburg,WI,town,Sauk
Reid,WI,town,Marathon
Remington,WI,town,Wood
Reseburg,WI,town,Clark
Rhine,WI,town,Sheboygan
Rib Falls,WI,town,Marathon
Rib Lake,WI,town,Taylor
Rib Mountain,WI,town,Marathon
Rice Lake,WI,town,Barron
Richfield,WI,town,Adams
Richfield,WI,town,Wood
Richford,WI,town,Waushara
Richland,WI,town,Richland
Richland,WI,town,Rusk
Richmond,WI,town,St. Croix
Richmond,WI,town,Shawano
Richmond,WI,town,Walworth
Richwood,WI,town,Richland
Ridgeville,WI,town,Monroe
Ridgeway,WI,town,Iowa
Rietbrock,WI,town,Marathon
Ringle,WI,town,Marathon
Ripon,WI,town,Fond du Lac
River Falls,WI,town,Pierce
Riverview,WI,town,Oconto
Rock Creek,WI,town,Dunn
Rock Elm,WI,town,Pierce
Rock Falls,WI,town,Lincoln
Rock,WI,town,Rock
Rock,WI,town,Wood
Rockbridge,WI,town,Richland
Rockland,WI,town,Brown
Rockland,WI,town,Manitowoc
Rolling,WI,town,Langlade
Rome,WI,town,Adams
Roosevelt,WI,town,Burnett
Roosevelt,WI,town,Taylor
Rose,WI,town,Waushara
Rosendale,WI,town,Fond du Lac
Ross,WI,town,Forest
Round Lake,WI,town,Sawyer
Roxbury,WI,town,Dane
Royalton,WI,town,Waupaca
Rubicon,WI,town,Dodge
Ruby,WI,town,Chippewa
Rudolph,WI,town,Wood
Rush River,WI,town,St. Croix
Rushford,WI,town,Winnebago
Rusk,WI,town,Burnett
Rusk,WI,town,Rusk
Russell,WI,town,Bayfield
Russell,WI,town,Lincoln
Russell,WI,town,Sheboygan
Rutland,WI,town,Dane
Salem,WI,town,Pierce
Sampson,WI,town,Chippewa
Sanborn,WI,town,Ashland
Sand Creek,WI,town,Dunn
Sand Lake,WI,town,Burnett
Sand Lake,WI,town,Sawyer
Saratoga,WI,town,Wood
Sarona,WI,town,Washburn
Saukville,WI,town,Ozaukee
Saxeville,WI,town,Waushara
Saxon,WI,town,Iron
Scandinavia,WI,town,Waupaca
Schleswig,WI,town,Manitowoc
Schley,WI,town,Lincoln
Schoepke,WI,town,Oneida
Scott,WI,town,Brown
Scott,WI,town,Burnett
Scott,WI,town,Columbia
Scott,WI,town,Crawford
Scott,WI,town,Lincoln
Scott,WI,town,Monroe
Scott,WI,town,Sheboygan
Seif,WI,town,Clark
Seneca,WI,town,Crawford
Seneca,WI,town,Green Lake
Seneca,WI,town,Shawano
Seneca,WI,town,Wood
Sevastopol,WI,town,Door
Seven Mile Creek,WI,town,Juneau
Seymour,WI,town,Eau Claire
Seymour,WI,town,Lafayette
Seymour,WI,town,Outagamie
Shanagolden,WI,town,Ashland
Sharon,WI,town,Portage
Sharon,WI,town,Walworth
Sheboygan,WI,town,Sheboygan
Sheboygan Falls,WI,town,Sheboygan
Shelby,WI,town,La Crosse
Sheldon,WI,town,Monroe
Sheridan,WI,town,Dunn
Sherman,WI,town,Clark
Sherman,WI,town,Dunn
Sherman,WI,town,Iron
Sherman,WI,town,Sheboygan
Sherry,WI,town,Wood
Sherwood,WI,town,Clark
Shields,WI,town,Dodge
Shields,WI,town,Marquette
Shullsburg,WI,town,Lafayette
Sigel,WI,town,Chippewa
Sigel,WI,town,Wood
Silver Cliff,WI,town,Marinette
Sioux Creek,WI,town,Barron
Siren,WI,town,Burnett
Skanawan,WI,town,Lincoln
Smelser,WI,town,Grant
Solon Springs,WI,town,Douglas
Somers,WI,town,Kenosha
Somerset,WI,town,St. Croix
Somo,WI,town,Lincoln
South Fork,WI,town,Rusk
South Lancaster,WI,town,Grant
Sparta,WI,town,Monroe
Spencer,WI,town,Marathon
Spider Lake,WI,town,Sawyer
Spirit,WI,town,Price
Spooner,WI,town,Washburn
Spring Brook,WI,town,Dunn
Spring Green,WI,town,Sauk
Spring Grove,WI,town,Green
Spring Lake,WI,town,Pierce
Spring Prairie,WI,town,Walworth
Spring Valley,WI,town,Rock
Springbrook,WI,town,Washburn
Springdale,WI,town,Dane
Springfield,WI,town,Dane
Springfield,WI,town,Jackson
Springfield,WI,town,Marquette
Springfield,WI,town,St. Croix
Springvale,WI,town,Columbia
Springvale,WI,town,Fond du Lac
Springville,WI,town,Adams
Springwater,WI,town,Waushara
Spruce,WI,town,Oconto
St. Croix Falls,WI,town,Polk
St. Germain,WI,town,Vilas
St. Joseph,WI,town,St. Croix
St. Lawrence,WI,town,Waupaca
St. Marie,WI,town,Green Lake
Stanfold,WI,town,Barron
Stanley,WI,town,Barron
Stanton,WI,town,Dunn
Stanton,WI,town,St. Croix
Star Prairie,WI,town,St. Croix
Stark,WI,town,Vernon
Stella,WI,town,Oneida
Stephenson,WI,town,Marinette
Sterling,WI,town,Polk
Sterling,WI,town,Vernon
Stettin,WI,town,Marathon
Stiles,WI,town,Oconto
Stinnett,WI,town,Washburn
Stockbridge,WI,town,Calumet
Stockholm,WI,town,Pepin
Stockton,WI,town,Portage
Stone Lake,WI,town,Washburn
Strickland,WI,town,Rusk
Strongs Prairie,WI,town,Adams
Stubbs,WI,town,Rusk
Sturgeon Bay,WI,town,Door
Sugar Camp,WI,town,Oneida
Sugar Creek,WI,town,Walworth
Sullivan,WI,town,Jefferson
Summit,WI,town,Douglas
Summit,WI,town,Juneau
Summit,WI,town,Langlade
Sumner,WI,town,Barron
Sumner,WI,town,Jefferson
Sumner,WI,town,Trempealeau
Sumpter,WI,town,Sauk
Sun Prairie,WI,town,Dane
Superior,WI,town,Douglas
Swiss,WI,town,Burnett
Sylvan,WI,town,Richland
Sylvester,WI,town,Green
Taft,WI,town,Taylor
Tainter,WI,town,Dunn
Taycheedah,WI,town,Fond du Lac
Texas,WI,town,Marathon
Theresa,WI,town,Dodge
Thornapple,WI,town,Rusk
Thorp,WI,town,Clark
Three Lakes,WI,town,Oneida
Tiffany,WI,town,Dunn
Tilden,WI,town,Chippewa
Tipler,WI,town,Florence
Tomah,WI,town,Monroe
Tomahawk,WI,town,Lincoln
Townsend,WI,town,Oconto
Trade Lake,WI,town,Burnett
Trego,WI,town,Washburn
Trempealeau,WI,town,Trempealeau
Trenton,WI,town,Dodge
Trenton,WI,town,Pierce
Trenton,WI,town,Washington
Trimbelle,WI,town,Pierce
Tripp,WI,town,Bayfield
Troy,WI,town,St. Croix
Troy,WI,town,Sauk
Troy,WI,town,Walworth
True,WI,town,Rusk
Turtle Lake,WI,town,Barron
Turtle,WI,town,Rock
Two Creeks,WI,town,Manitowoc
Two Rivers,WI,town,Manitowoc
Underhill,WI,town,Oconto
Union,WI,town,Burnett
Union,WI,town,Door
Union,WI,town,Eau Claire
Union,WI,town,Pierce
Union,WI,town,Rock
Union,WI,town,Vernon
Union,WI,town,Waupaca
Unity,WI,town,Clark
Unity,WI,town,Trempealeau
Upham,WI,town,Langlade
Utica,WI,town,Crawford
Utica,WI,town,Winnebago
Vance Creek,WI,town,Barron
Vandenbroek,WI,town,Outagamie
Vermont,WI,town,Dane
Verona,WI,town,Dane
Vienna,WI,town,Dane
Vilas,WI,town,Langlade
Vinland,WI,town,Winnebago
Viroqua,WI,town,Vernon
Wabeno,WI,town,Forest
Wagner,WI,town,Marinette
Waldwick,WI,town,Iowa
Walworth,WI,town,Walworth
Warner,WI,town,Clark
Warren,WI,town,St. Croix
Warren,WI,town,Waushara
Wascott,WI,town,Douglas
Washburn,WI,town,Bayfield
Washburn,WI,town,Clark
Washington,WI,town,Door
Washington,WI,town,Eau Claire
Washington,WI,town,Green
Washington,WI,town,La Crosse
Washington,WI,town,Rusk
Washington,WI,town,Sauk
Washington,WI,town,Shawano
Washington,WI,town,Vilas
Waterford,WI,town,Racine
Waterloo,WI,town,Grant
Waterloo,WI,town,Jefferson
Watertown,WI,town,Jefferson
Waterville,WI,town,Pepin
Watterstown,WI,town,Grant
Waubeek,WI,town,Pepin
Waukechon,WI,town,Shawano
Waumandee,WI,town,Buffalo
Waupaca,WI,town,Waupaca
Waupun,WI,town,Fond du Lac
Wausau,WI,town,Marathon
Wausaukee,WI,town,Marinette
Wautoma,WI,town,Waushara
Wauzeka,WI,town,Crawford
Wayne,WI,town,Lafayette
Wayne,WI,town,Washington
Webb Lake,WI,town,Burnett
Webster,WI,town,Vernon
Weirgor,WI,town,Sawyer
Wellington,WI,town,Monroe
Wells,WI,town,Monroe
Wescott,WI,town,Shawano
West Bend,WI,town,Washington
West Kewaunee,WI,town,Kewaunee
West Marshland,WI,town,Burnett
West Point,WI,town,Columbia
West Sweden,WI,town,Polk
Westboro,WI,town,Taylor
Westfield,WI,town,Marquette
Westfield,WI,town,Sauk
Westford,WI,town,Dodge
Westford,WI,town,Richland
Weston,WI,town,Clark
Weston,WI,town,Dunn
Weston,WI,town,Marathon
Westport,WI,town,Dane
Weyauwega,WI,town,Waupaca
Wheatland,WI,town,Kenosha
Wheatland,WI,town,Vernon
Wheaton,WI,town,Chippewa
White Oak Springs,WI,town,Lafayette
White River,WI,town,Ashland
Whitestown,WI,town,Vernon
Whitewater,WI,town,Walworth
Wien,WI,town,Marathon
Wilkinson,WI,town,Rusk
Willard,WI,town,Rusk
Willow Springs,WI,town,Lafayette
Willow,WI,town,Richland
Wilson,WI,town,Dunn
Wilson,WI,town,Eau Claire
Wilson,WI,town,Lincoln
Wilson,WI,town,Rusk
Wilson,WI,town,Sheboygan
Wilton,WI,town,Monroe
Winchester,WI,town,Vilas
Winchester,WI,town,Winnebago
Winfield,WI,town,Sauk
Wingville,WI,town,Grant
Winneconne,WI,town,Winnebago
Winter,WI,town,Sawyer
Wiota,WI,town,Lafayette
Withee,WI,town,Clark
Wittenberg,WI,town,Shawano
Wolf River,WI,town,Langlade
Wolf River,WI,town,Winnebago
Wonewoc,WI,town,Juneau
Wood,WI,town,Wood
Wood River,WI,town,Burnett
Woodboro,WI,town,Oneida
Woodland,WI,town,Sauk
Woodman,WI,town,Grant
Woodmohr,WI,town,Chippewa
Woodruff,WI,town,Oneida
Woodville,WI,town,Calumet
Worcester,WI,town,Price
Worden,WI,town,Clark
Wrightstown,WI,town,Brown
Wyalusing,WI,town,Grant
Wyocena,WI,town,Columbia
Wyoming,WI,town,Iowa
Wyoming,WI,town,Waupaca
York,WI,town,Clark
York,WI,town,Dane
York,WI,town,Green
